id	darija	loan_words_list
2108	wach fayt kliti fdik restora	restora
2115	bghit chi Tbla 7da chrjem	Tbla
2116	bghit ndowwer l mirikan	mirikan
2130	kayna wahd resTora lhih walakin makanDench zwina	resTora
2142	bghiti tferrej f tlfaza	tlfaza
2151	wach wSlek l email dyali	email
2160	wach kat9ra l anglais	anglais
2190	kanhder chwia bl anglais	anglais
2204	wladna fl mirikan	mirikan
2207	had tomobil katchbeh l tomobilti	tomobil, tomobilti
2216	achnahoa a7san film 3ndk	film
2220	fin t3llmti l anglais	anglais
2228	kathder l anglais mzyan	anglais
2229	fayt chayf had l film	film
2231	wach l banka b3ida	banka
2239	3ndk nnmra dyal chi taxi	nnmra, taxi
2248	bghit nchri wahd la carte dyal tilifon 3afak	carte, tilifon
2274	kayn chi wahd 8na kayhder bl anglais	anglais
2282	kifach katgolo liha bl anglais	anglais
2292	ntla9aw gddam loTil	loTil
2294	3afak hder bl anglais	anglais
2313	drt ksida	ksida
2315	3ndi w7da f Tomobil	Tomobil
2316	gaddit had l kika	kika
2328	lksida w93at fin mla9yin Tro9an	lksida
2329	w93at wahd lksida dyal tomobilat	lksida, tomobilat
2333	fin jat lbosTa	lbosTa
2344	mora lbanka	lbanka
2360	wach 3rfti fin n9der nakhod taxi	taxi
2402	fin n9dr nkri chi Tomobil	Tomobil
2420	wakha t7TT lia hadi f Tomobil	Tomobil
2429	wach kay3jbek tfrrej f tlfaza	tlfaza
2433	ch7al mn sa3a f ssimana katkhdem	ssimana
2515	wach hada Tobis lli tayddi l Koutoubia	Tobis
2521	ghaykhss 2 tsway3 b Tomobil	Tomobil
2526	bghit nsifT hadchi l mirikan	mirikan
2541	sm7 lia ma3ndich stylo	stylo
2542	dimari tomobil	dimari, tomobil
2544	dik tomobila lli lhih rah dyali	tomobila
2548	tomobil tSawbat	tomobil
2554	hadok rrjal kayhdro bl anglais	anglais
2555	achmn loun dik tomobil	tomobil
2560	fin jat blaka t Tobis	blaka, Tobis
2659	ma7dd makaTlebch mni tfaraj f kora o tsakhen pizza mjamda	pizza
2730	 khrajtha man sac dyalk mli makntich katchouf	sac
2785	wach t9dr dir lia kika dyal frota wtzaw9ha btlj	kika, frota
2787	achmn dissir bghiti	dissir
2808	3andi aghlabya t nnas f email o hadi ghatkoun assra3 Tari9a	email
2959	wach kayn boTon dyal tawari2	boTon
2968	wach tilifon dyalk m3ak	tilifon
2969	wach 8azz m3ak tilifon dyalk	tilifon
2986	awdi tilifoni mkhddamch fhad lbwaTa tl7bs	tilifoni, lbwaTa
2987	nta khasak tdbber 3la tilifon 7sen	tilifon
3059	wach haz m3ak tilifon dyalk	tilifon
3074	mazal n9dr nkhraj tilifoni onkhdm b Google	tilifoni
3079	ikhsar ssansour 3mmro kan lwa9t lmonasib	ssansour
3200	ana 3yan bzaf lyoum dakchi 3lach kangol nb9aw 7da la piscine	piscine
3224	ay 7aja mn ghir nb9a 7da lapisin	lapisin
3310	bgra kad7ak b l'anglais	anglais
3339	achman dissir katsweb	dissir
3366	awalan tomobil khsrat	tomobil
3371	chef dyali makanch nachT	chef
3374	wach khrajti mn tomobil dyalna bach tchad train	tomobil, train
3378	Tomobil khsrat dakchi 3lach khlitha f janb Tri9	Tomobil
3387	La tomobil kayna flgaraj katsla7	tomobil, garaj
3390	mnghir lmochkila ssghira t transport kifach l3ala9a dyalk dayra m3a chef dyalk	transport, chef
3408	idan rah 3id miladi simana jaya obghit ndir 7fla kbira	simana
3504	kanDn a7san film 3ndi kan Forrest Gump	film
3520	o chno f ddisir	ddisir
3524	khdithom mli kant kantfaraj f Masterchef f tlfaza	tlfaza
3572	imkan aykhasna nchofo chi moch3wid i3awna ndiro chi haja l chef dyali	chef
3587	wakha i3ni ghadi n7tajo nsr9o flos man lbanka	lbanka
3600	Ah kanDn bli aykhsna nwarko 3la boton mokalamat Tawari2	boton
3609	kanDan bli lkhddama 3yyTo l bolis	bolis
3772	kan nhari mkalmi	mkalmi
3809	ra2is dyal mirikan	mirikan
3884	ntla9aw simana jaya	simana
3912	imkn n9adro ndiro kika dyal limon b lfraise	kika, lfraise
3917	m3a hadchi f i3tibar kandan khasna nkhaliw kika dyal limon o nrakzo 3la maklat akhaf	kika
3984	kanbghi l7ot o chips	chips
3989	kanbghi l7ot o chips bzaf walakin makanakolch bzaf dyal l7am	chips
4005	ana mstressi chwia daba	mstressi
4032	ghadi nakhod taxi	taxi
4117	frasi nta ostad tl anglais	anglais
4182	kankhadmo bach ntfrrj f tlfaza o l9raya t lktoba	tlfaza
4201	3ndi maw3id m3a 2akhisa2i dyal romatizm m3a 300	romatizm
4343	kimma kan l7al chef dyalk kan dima mzyan m3ak	chef
4375	wach ghadi takhod tomobil mli tkon ghadi tkhraj	tomobil
4391	ewa kidazt ssimana dyalk	ssimana
4403	dwi m3a chef dyalk ochof wach i9dro i3awnok	chef
4405	ila kanti mstressi okat7taj 3oTla fhadchi maghadi iddi ghir ma kfes	mstressi
4436	chokran 3la lmosa3ada dyalk doctour	doctour
4513	ymkan simana jaya	simana
4523	kandawz l3otlat dyal lkhar simana f9raya dyal toyor okan9lab 3la anwa3 nadira	simana
4614	katgol bli lkhadamat dyalha fabor walakin mamt2akadch chno kat9sad	fabor
4621	o3ndi karTa tahia	karTa
4695	imkn ghatkon mrta7 7sen fdik Tbla lour l8i8	Tbla
4754	imkan nbarmjoha fl weekend jjay dyal may	weekend
4817	o cocktail	cocktail
4857	walakin imkn chwiya dyal chips aykono mzyanin	chips
4861	9sadt 3adi l chips sma7 liya	chips
4862	mzyan 3ammatan ana kansrbi chips m3a had lcocktail	chips, lcocktail
4865	wakha ghadi nakhod l7ot o chips flowel o ghadi nakhod lburger mn ba3d	chips, lburger
4866	kantmna tkon ba9ia blasa l ddisir mora hadchi	ddisir
4886	chips ghadi tkon mzyana ghanmout b jo3	chips
4891	ah s7abli kan fabor m3a tlj	fabor
4895	chips katji fhad zlafa sghira katji m3a lmachrob dyalk	chips
4988	lfrmaj choklat	lfrmaj, choklat
4990	sac dyali t9il bzaf	sac
4995	lkhota hia nchdd taxi l parTma dyalha	taxi, parTma
4997	kayban liya taxi fikra mzyana	taxi
5033	kay3jbni mnin kay3tiwna makla fabor	fabor
5065	n9adro n9ado l7wayj asasiya b7al chips	chips
5121	hadchi 3lach ghadi n9tar7 ntla9aw mrra f simana lmoda dyal stt ch8or	simana
5123	khaliha joj mrrat f simana o Dobl lkhlas dyalk	simana, Dobl
5135	wach 3ndak tilifon	tilifon
5136	ila siftti message lsikritira ghadi t3lm8om	message, sikritira
5142	ah wach bghiti nsllfk tilifoni	tilifoni
5154	rah kayn fl PC dyali likayn fl biro dyali	PC, biro
5160	3tini tilifonk	tilifonk
5171	batri dyal tilifonk na9sa bzaf	batri, tilifonk
5181	3lach manbrkoch 3la boton dyal indar	boton
5193	wach 3ndk tilifonk wla magana dyalk	tilifonk, magana
5194	ah 3andi magana	magana
5195	tilifoni decharja	tilifoni, decharja
5201	3ndi chwiya dyal biskwit f sac dyali	biskwit, sac
5209	l7osn l7aD haz m3aya tilifoni	tilifoni
5213	n9adro nkhdmo ddo li f tilifoni	tilifoni
5214	hada tilifoni machi dyalk	tilifoni
5215	wach hada tilifonk	tilifonk
5216	la hadak tilifon dyal Naima	tilifon
5318	o daba chno f ddisir	ddisir
5361	kanfdel nb9a 7da lapisin	lapisin
5383	walakin kantsa2l wach machi 7sn nb9a hi 8na mrta7 7da la piscine	piscine
5393	3ndna la piscine lina bjoj	piscine
5409	chef dyali maghadich ikon fr7an	chef
5435	kanakhd Tyara kol simana	simana
5440	dima kay3Tiwni kikat zaydin	kikat
5448	ana kat3jbni kika mzyana	kika
5450	Christine wach 3ndak chi kika hya lwla lsa7bi	kika
5644	blmonasaba wach 3andak tilifon	tilifon
5646	wach tilifonk mcharji	tilifonk, mcharji
5649	ozid 3la dakchi ma3ndnach rrizo	rrizo
5650	ghadi n7tajo n3awlo 3la tilifoni	tilifoni
5658	ahlan madame Smith	madame
5743	makntch mwalaf mzyan had simana	simana
5789	rah kaydob daba f sac dyali	sac
5800	wrakt 3la boton dyal l2itisal	boton
5811	tilifon dyali mafihch rrizo	tilifon, rrizo
5815	ghadi nDDem blan kbir f London simana jaya	blan, simana
5822	kan9sad blli bzzez bach kan3s had simanat lidazo	simanat
5838	ala dbbrna 3la klyan	klyan
5857	ddi l'ascenseur l l'etage wahd	ascenseur, etage
5895	7at tilifonk b3id 3afak	tilifonk
5918	ana chef f cousina o7ta chef tl3ala9at l3amma	chef, cousina, chef
5921	kif glt lik ana chef oghadi dir dakchi li glt lik	chef
6045	yomayn wana kanchof nas 7da la piscine	piscine
6089	tilifoni Tfa ta8owa	tilifoni
6214	ta9riban kol simana lkhadma dyali	simana
6406	wla ghir tl9a super marche kaybi3 lmonatajat liwllft	super marche, lmonatajat
6443	sma7 liya m3atal walakin ana f tilifon	tilifon
6446	fnihaya dyal simana idan	simana
6457	mnin nta fdar daba kanftaraD bila 9aditi tomobil	tomobil
6469	knt bghit n3ayat 3la taxi	taxi
6514	o kolchi mstressi m3a had lmodir	mstressi
6532	7tarm l9awa3id dyal n3as b7al maykonch 7dak PC wla tilifon 9bal matmchi tn3s 7tta tlfaza	PC, tilifon, tlfaza
6543	kantmana tastafad l a9Sa 7ad mn l3ota had simana bach tbadal afkark	simana
6551	wakha a chef	chef
6586	ghadi ykon 3andna mti7an ila kan hadchi likat9sad simana jaya nhar lkhmis	simana
6603	kifach dwztiha mn lbolis	lbolis
6605	wakha ila w93at lina ksida maghadich yb9aw lik liddin	ksida
6614	3tini sac lwara9i	sac
6618	loTilat makaybanoch mori7in bzaf	loTilat
6622	ana mn mirikan	mirikan
6623	7na mn mirikan	mirikan
6631	wach nta mn mirikan	mirikan
6632	wach nti mn mirikan	mirikan
6633	wach ntoma mn mirikan	mirikan
6634	mnin nta f mirikan	mirikan
6635	mnin nti f mirikan	mirikan
6636	mnin ntoma f mirikan	mirikan
6687	hadi Tbla	Tbla
6777	kaynin bzzaf dlktouba fog Tbla	Tbla
6808	ssimana lli fat Said ktb risala l Sa7bo	ssimana
6818	wach 3mmrk chrbti atay b n3na3 f mirikan	mirikan
6862	maghadich nkhli hadchi iw9a3 a chef	chef
6867	an9ddmo daba a chef	chef
6869	bla 7lib a chef	chef
6877	wakha hwa f nadi lgolf dyali	lgolf
6878	wach kayl3ab lgolf m3ak	lgolf
6881	aykhas ikono 2asatida khrin makayl3boch lgolf	lgolf
6882	makan9darch ntkhayal lla Noha katl3ab lgolf	lgolf
6913	obTTab3 kika	kika
6994	forchiTa	forchiTa
7045	tfa lia tilifoun	tilifoun
7058	dayra rrijim	rrijim
7080	l pissi khser lia	pissi
7171	ghanSawb kika	kika
7288	wach kriti Tomobil	Tomobil
7323	dert ksida	ksida
7461	ina film	film
7517	3Tini forchiTa	forchiTa
7593	kannakol kika	kika
7754	jab liyya kado	kado
7755	3jebni lkado	lkado
7756	lkado zwin	lkado
8096	chrit Sak jdid	Sak
8250	awwel simana	simana
8319	rbe7na l match	match
8331	mou3ad kaytferrj f film	film
8367	l9raya ghadi tbda ssimana jjayya	ssimana
8410	kayl3b l karTa	karTa
8445	3ndo tomobil	tomobil
8738	sbegh lkouzina b SSfer	lkouzina
8779	ssimana jjayya	ssimana
8780	ssimana li dazet	ssimana
8781	ssimana li fatet	ssimana
8851	ddisir kan 7ameD bzzaf	ddisir
8867	khti kaTTeyeb f lkouzina	lkouzina
8891	dert kika dyal chchklaT	kika, chchklaT
8892	sawwebt kika dyal chchklaT	kika, chchklaT
8950	8wwa bogos	bogos
9176	ana mSafer l mirikan	mirikan
9455	tlebt kridi mn lbanka	kridi, lbanka
9519	ja8 kado	kado
9520	chokran 3la lkado	lkado
9521	bghit nchri li8 kado	kado
9522	8ada kado dyal khoya	kado
9523	chrit 8ad lkado lyoum	lkado
9524	bghit lkado ytghllef	lkado
9538	tche88it ntferrej f film wata2i9i	film
9561	makayna 7etta 7aja fabor	fabor
10512	kolla simana	simana
10513	kola simana	simana
10615	simana	simana
10651	weekend	weekend
10768	magana	magana
11020	bsh7al ghadi nsift cart postal l'mirikan	cart postal, mirikan
11108	simana lli fatt said ktb bra l sa7bu	simana
11212	wach 3andek ra9m tilifoun	tilifoun
11233	bghit nchof 3afak chambre hia lawla 	chambre
11314	syebt tilifouni	tilifouni
11324	5ansafer simana jaya	simana
11334	anmchi l new york simana jaya	simana
11339	anakoul dissir	dissir
11362	kantfrj f film	film
11388	anmchi l bureau	bureau
11397	anmchi ntrini f la salle	ntrini, salle
11427	safi an9t3 l garro	garro
11534	kan9lb 3la sac dial jeld	sac
11601	dert wa7d kikat dial cheklat	kikat, cheklat
11605	3emi jab liya wa7d lbouquet dial werd simana li fatet	bouquet, simana
11628	5oya kant darah derss simana li fatet	simana
11701	3endi wa7d lista	lista
11751	3jebni l7al mli be3edt mn tilifouni	tilifouni
11764	hadik tlfaza kbira ou 5alya	tlfaza
11822	swebna lista ou 3tinaha lsamantha	lista
11844	lalarm sonat bjehd	lalarm, sonat
11846	chef tyeb wa7d chhiwa bnina	chef
11860	chef 9ad lmakla msian	chef
11885	lclian 5less chash bach maydiwch liha lbanka chi dara2ib ila sta3mel carta	lclian, cash, lbanka, carta
11927	sport kay5lik katn3ess 7ssen mn lewwel	sport
11938	wach cheti had l2ayam chi film zwin	film
11947	kifach kadir fliyam li katkoun fihom mstressi ou 3amer 5edma 	mstressi
11952	ma3emerek majerbti chi sport 9ase7 oula mchiti fchi mou5amara s3iba 	sport
11990	achanhiya a7ssen tari9a 3endek bach tdir sport 	sport
12011	achnahowa a7ssen sport 3endek 	sport
12050	achnahowa a7ssen sport kadirou berra 	sport
12065	ma3emrek majrebti chi sport jdid 	sport
12109	kant3elem bach ndir piano	piano
12204	achnahowa a7ssen match 7dertih 	match
12211	ma3emrek matfrejti fchi film 3la riyada 	film
12214	ma3emrek macharkti fchi match riyadi 5ayri 	match
12222	kifach kat5tar restora mli katkoun msafer 	restora
12240	wa tchehit chi pizza daba	pizza
12245	tan5tarou chi iila ntfrejou fiha fchi film rani mwejed lista dial lfilmat	film, lista, lfilmat
12320	ana m9tan3 bli l pizza hia lou5a l3alamia dial sa3ada	pizza
12323	39lti fach kena kandarbou 3la telecommande dial tlfaza b7al ila 7na f chi 7arb 	telecommande, tlfaza
12330	39lti fach kna kandarbou 3la chkoun aya5oud a5ir terf dial pizza 	pizza
12354	kifach kadwez weekend 3adi 	weekend
12427	chnou a7ssn sport 3ndek 	sport
12450	yallah ncommandiw chi pizza ou ntfrejou fchi film	ncommandiw, film, pizza
12499	bayna kikat cheklat	kikat, cheklat
12564	t 9der tchouf liya wach kayn chi solde flproduiyat tendif had simana 	solde, produiyat, simana
12573	ach ban lik njrebou hadak restora jdid flmdina had simana 	restora, simana
12620	t9der tdwi lina 3la regime li katb3ou bach tb9a fhad lforma 	regime, lforma
12645	kan match s3ib walakin tbe3na l5ota dilana	match
12655	t7ekmna frythme dial match ou hadchi 3awena bezzaf	rythme, match
12687	kant b7al chi le9ta dial chi film	film
12701	salam l9itini kangoul m3a rassi moudda hadi makhrjna l chi restora meziana	restora
12705	kayn wa7d restora taliania flmdina wa3ra	restora, taliania
12722	safi mtaf9in jem3a fllil restora talyania ou makla zwina	restora, talyania
12727	3ndek l7e9 modda hadi mathelina frassna ou mchina lchi restora nadia	restora
12729	achban lik njerbou hadik restora jdida	restora
12733	ghatkoun a7san tari9a bach nsaliw ssimana	ssimana
12736	sme3t restora 3endhoum wa7ed lgelssa lfo9 mhewya o fiha choufa meziana	restora
12740	ach ban lik had lweekend ntfrejou fchi film flil	lweekend, film
12745	ghadi ykon film m3etel nhar l7ed flil	film
12748	film ou 3cha a7ssen combo	film, combo
12767	kayna 7ta dyal sinyal	sinyal
12771	ШЊghir bi sinyal	sinyal
12912	madarrch simana	simana
13216	bi3ihom kol simana	simana
13418	snitt contra safi	snitt, contra
13422	dir projet dyalk	projet
13446	f web hata ana	web
13451	chi likansawro min web	web
13633	marhba tasjiiil fabor	fabor
13664	n5dm biha ghi had simana	simana
13681	transport kaywslo tal 1000dh	transport
13813	rah had simana kolha	simana
13821	hd simana ma4adix nmxi lstg	simana, stg
13846	mohl nmxiw had simana	simana
13847	nkml had simana	simana
13901	mxt 4lst 3nd mha simana	simana
13903	inta had simana bsalama	simana
14013	rah rizo li makinx	rizo
14308	7aydt lwifi had simana	simana
14317	ma3rt mal tlfaza 5srat	tlfaza
14481	l3ars daz simana li fatt	simana
14547	makin rwah had simana	simana
14591	tobis ba9i maja	tobis
14607	svp wach kayn chi 1 drri dwez un stage f onep	stage
14608	li 3nduu rapaport de stage	rapaport, stage
14644	n9adro ndiro stage	stage
14645	stage maykoun fih hta mouchkil	stage
14646	fyt lik drti xi stage	stage
14649	dawzt stage f laboratoire	stage, laboratoire
14718	kayn f site d fst hwa chef dГ©partement	site, chef, departement
14720	men l2ahsn nsfto lih fi email rasmi	email
14730	misaj ma4adix y9rah bkri	misaj
14735	seftelih email hsan	email
14739	mazyan seftehlih f email	email
14749	stage li mohim	stage
14751	nmxiw nhoto lmilf 3la wad stage	stage
14767	had l partma mamfrouchach	partma
14778	matkhafch l film rah akhla9i	film
14879	kayn chi dissir kikoun mawsimi	dissir
15000	rah mola9ab ba7ssen restora	restora
15001	ra site mtassel blprogramme dial restora	site, programme, restora
15002	rah 9rib lina restora	restora
15030	rah mcharji tilifouni	mcharji, tilifouni
15063	rah m3rouf hadak restora ghir sir liha 3la 7sabi	restora
15099	rah 5ti 5atzwej simana jaya 5assna nchriw liha chi cado	simana, cado
15104	rah morta9ab simana jaya tkoun 3asifa	simana
15124	rah 5edam fsectour tijari dial banka	sectour, banka
15182	rah mt7errin hadi simana	simana
15339	rah lboliss 7adin tilifouni	lboliss, tilifouni
15420	rah 5ar9a la piscine	piscine
15507	rah 9diim had tilifoun	tilifoun
15532	rah jdid had tilifoun	tilifoun
15746	rah triya had dissir li chriti bayna fih	dissir
15756	rah n9i had restora	restora
15878	ana ghadi n7et tilifoun fo9 tabla	tilifoun, tabla
15946	ana ghadi ntej lik chwiya dial dissir	dissir
16168	ana ghadi n wde3 dam tilifoun fsak	tilifoun, sak
16178	ana ghadi n rje3 lik floussek simana jaya	simana
16181	ana ghadi ntfi tilifoun	tilifoun
16193	ana ghadi ntrini 3lik	ntrini
16215	ana ghadi ncharji tilifouni	ncharji, tilifouni
16330	ana ghadi n7taker tsedir dial dissir	dissir
16377	mab9itch baghi n charji tilifoun aslan lbatterie dial myet	charji, tilifoun, lbatterie
16413	mab9itch baghi ntyeb chi kika katb9a ghir kat5ser liya ftelaja	kika
16575	mab9itch baghi n sdder dak dissir lsbenya	dissir
16610	rani knt mchit l restora	restora
16662	rani knt kmlt l film	film
16679	rani knt sifet lik message	message
16714	rani knt l9it stylo	stylo
16718	rani knt sawebet kika	kika
16743	rani knt sawebt tlfaza	tlfaza
16868	koun ghir 9dert nkemmel f regime	regime
17046	3lach mabghitich trkb f taxi	taxi
17170	3lach mabghitich tchri dak sac rkhiss	sac
17209	3lach mabghitich t ban f tlfaza	tlfaza
17392	kan kis7ab liya ghadi ye9bet dak tilifoun li le7t lih	tilifoun
17404	kan kis7ab liya ghadi ychfer dak deri mli kan haz tilifoun	tilifoun
17422	kan kis7ab liya ghadi ntkalma de5ya	ntkalma
17616	kan kis7ab liya ghadi yji de3m dial lchifforat simana jaya	chifforat, simana
17775	mandench ghadi nchri lik dak tilifoun li baghi	tilifoun
17860	mandench ghadi nsdder dissir f2ifri9ya lte7t	dissir
17879	mandench ghadi yrjje3 liya lmelyoun li mdayr m3ah yrej3ha fla5ar dial simana	simana
18095	mandench ghadi ytfa tilifoun d5ya	tilifoun
18098	mandench ghadi n9echcher dak dissir	dissir
18107	mandench ghadi ntrini m3ak	ntrini
18442	t3etli bezzaf bach tbda sport	sport
18445	t3etli bezzaf bach t7owwel floussk lbanka akhra	lbanka
18540	t3etli bezzaf bach tcheteb l balcon	balcon
18544	t3etli bezzaf bach tbronza	tbronza
18624	t3etlti bezzaf bach tjreb had sport	sport
18889	nt7edak tleb chi credit men lbanka	credit, lbanka
18903	nt7edak t sdder dak dissir jiht dak lblad ra mamnou3	dissir
18924	tanfkker wach nched taxi	taxi
18927	tanfkker wach nched tobis	tobis
18947	tanfkker wach njib m3aya sac zayd	sac
19011	tanfkker wach ay3jbni l film	film
19186	3emrek t medded contra m3a patron maki7taremch	contra, patron
19256	3emrek t twe99e3 chi natija dial chi match ou t5ater 3liha ra 9mer	match
19490	3emrek t 9chcher dissir bhad tari9a chi nhar 5adreb idik	dissir
19658	3emrek jerebti tchri chi tilifoun 5ali	tilifoun
19710	3emrek jerebti tjessed chi dawr mafihch l7ya fchi film	film
19717	3emrek jerebti te3ti tilifoun lchi wa7ed y3eyet	tilifoun
19781	3emrek jerebti trfed chi contra ou ndemti 3liha	contra
19785	3emrek jerebti tzrreb chi wa7ed fla5ar dar ksida	ksida
19845	3emrek jerebti tsedder had new3 dial dissir	dissir
19867	3emrek jerebti dir regime	regime
19943	3emrek jerebti tr3a lbguer ou tb9a m3ahom simana kamla	simana
20003	3emrek jerebti tsrre3 chi kika tal had daraaja	kika
20031	3emrek jerebti tsne3 chi tilifoun	tilifoun
20032	3emrek jerebti tfertek chi tilifoun	tilifoun
20112	koun ghir 9dert n dawwa fhad sbitar fabor	sbitar, fabor
20160	koun ghir 9dert n di chi 3erd wa3er fhad restora	restora
20165	koun ghir 9dert n 3ser msian dak dissir	dissir
20185	koun ghir 9dert n sdder dak dissir li chayt 3endi	dissir
20415	koun ghir 9dert n tfi fak tilifoun bach maysed3ounich nass	tilifoun
20448	koun ghir 9dert n charji tilifouni hna	charji, tilifouni
20483	koun ghir 9dert n 9aad dak tilifoun kolo mferche5	tilifoun
20663	3lach mabghitich t 7errek dak tilifoun ou debber 3la chi dar dial kra fabor	tilifoun, fabor
20932	tanfkker wach khelletet kika lbar7	kika
20935	tanfkker wach khemmelt dar dik simana	simana
21007	3lach mabghitich t 5rrej floussek men lbanka	lbanka
21023	3lach mabghitich t jerreb had la piscine	piscine
21064	tanfkker wach mse7ni mn lista	lista
21282	tanfkker wach stylo maghayt9adach lih l7ibr dialou	stylo
21367	tanfkker wach ntsellef mn lbanka	lbanka
21374	kantsenna fik t 3ser dak dissir	dissir
21404	kantsenna fik t ntej had new3 dial dissir	dissir
21407	kantsenna fik t nezel taman dial de5la lhad la piscine	piscine
21512	sir khoud cridi mn lbanka	cridi, lbanka
21521	sir ferre9 3lihoum l fanid	fanid
21597	kantsenna fik t dir chi regime 3la 7e99ou tri9o	regime
21667	sir tsower 3la 9bl l passpor	passpor
21747	kantsenna fik t jerreb had restora	restora
21944	kantsenna fik t 7essen men ljouda dial restora dialek	restora
21947	kantsenna fik t charji liya tilifouni mora ma tasali men charje	charji, tilifouni, charje
22053	khlini nsift lih message	message
22140	kantsenna fik t 3dded liya ch7al ba9i men simana ou nd5el ne9ra	simana
22295	mabghitich t tfawdni 3la dak restora li baghi tbi3 lyouma	restora
22352	bla matched taxi	taxi
22353	bla matched tobis	tobis
22372	bla mat7awel takhoud cridi mn lbanka	cridi, lbanka
22725	bla ma tdir regime lyouma	regime
22726	bla ma t9t3 lia kika	kika
22834	ana tarkb 3la pikala	pikala
22921	ewa khssara kon fakart fiha simana fayta	simana
22928	simana jaya inchaalh ntla9aw	simana
22986	sf hta nji bi pikala	pikala
23042	chkon li3ndo l code tl9anoun ljina2i	code
23084	wa 9ila simana jaya rebama	simana
23268	simana 7sboh	simana
23303	dima mkalmi	mkalmi
23571	sift liya compte dyalk	compte
23691	nmra dylk	nmra
23769	kif dima la routine	routine
23795	nti ki xi film dyl lkhli3	film
23851	wdima sport kif dima	sport
23871	pikala ghalya bdk taman	pikala
23880	xadit taxi sghira	taxi
23882	ana wyha f taxi	taxi
23904	wjib tomobil bzrba	tomobil
23926	ndiro sport m3a 6	sport
23941	ana f partma wdoz	partma
24001	sawab lih tomobil	tomobil
24102	goliya 3tini nmra dylo	nmra
24109	khalit lih message	message
24117	nhawl nsift fhd simana	simana
24138	ghi maslak message	message
24180	nmra dyalou	nmra
24360	mol taxi kaytsana	taxi
24368	3andna match gheda	match
24388	wghadi ntrini wnji	ntrini
24392	rah kayna ksida tmak	ksida
24432	ila mafhmch daba fabor	fabor
24491	ajo nl3bo chi match fl3chiya	match
24504	hit fabor kay hars lbabor	fabor, babor
24514	ghyr hwa lforma dyalo tkon fiha sima zaida chwia	lforma, sima
24516	ola oslti lchy drja ktar fiha sima	sima
24520	ola diawl lbit ktar fihom sima format drjat tkon zaida 3la lakhra	sima
24527	khoya adyri sima hriyra	sima
24591	hadi hiya tomobil li b5ayt	tomobil
24641	takhfid makaynch had simana	simana
24778	t 9der tchouf liya wach kayn chi solde flproduiyat tendif had simana 	solde, produiyat, simana
24797	tan5tarou chi iila ntfrejou fiha fchi film rani mwejed lista dial lfilmat	film, lista, filmat
24824	simana jaya 5anmchi ndir wa7ed l3amaliya 3la 3eyni	simana
24839	koula 3am kanchri tilifoun jdid	tilifoun
24840	simana jaya nawin nktachfou chamal kolo dial lblad	simana
24890	baghi n7el chi compte flbanka	compte, lbanka
24894	5anmchi nched taxi bach nchi lmatar ntlega lrajli	taxi
24906	chher ou ana 5edam fwa7ed projet fla5ar nseb 3liya wa7ed lberhouch	projet
24967	ah fkertini lahila simana li fatet dert ski ou te7t ou t9esse7t chwiya	simana, ski
24980	kanden pizza walakin nti klitiha lbare7 oula chi sandwich 7ssen	pizza, sandwich
24983	5assna chi blassa kaybi3ou fiha pizza ou sanwichat ahhhh tekert hadak snack yallah 7el 9rib lina	pizza, sanwichat, snack
24986	safi yallah nmchiw lahadak restora li 7elouh jdid 7da l9awss ana 5ana5oud ghir 3assir	restora
24994	kanden ghir chlada bach nb9a mtebe3 regime rani 5ladit	regime
24995	msian bghitina nmchiw lhadak restora li kay3jbek dial dkchi dialhom si7iy	restora
25001	ah a lalla mer7ba kaynin bezzaf dial lblayss walakin siri lmarchi howa a9rab wa7ed walakin chedi taxi 7ssen	blayss, marchi, taxi
25002	achno ngoul lmoul taxi bach yweselni lih	taxi
25006	n9edrou nchoufou fchi site 3ka chi restora	site, restora
25068	drari nmchiw lyouma lcinema ntfrejou fchi film	cinema, film
25069	ina film bach nkjawbouk	film
25070	wa bayna film dial l5li3 a5ir wa7ed li kolchi baghi ytfrej fih kolchi	film
25081	5anmchi simana jaya lnew york 3la 9bel l5edma	simana
25092	5anb9a wa7ed simana b7alokak tahiya m7eda flwra9i	simana
25093	wa5a tfoutha 3endek 5arama ou 5atb9a fhad lhotel wa5a ghir t5roj ya ima ched lcar kaynin li kayweslou lih dirikt oula taxi ra tgoulih ghir smiya ra yweslek	lhotel, lcar, dirikt, taxi
25173	5anmchi ndir sport wa ch7al 5lid wlit	sport
25189	bghit n3rf wach kayn chi taxi 9rib	taxi
25193	3fak t9der t3tini code dial lwifi 	code
25295	l9aw liya lboliss tilifoun li kan mchfour	lboliss, tilifoun
25314	nsit lcode dial tilifouni	lcode, tilifouni
25332	9herni regime bghit ghir imta nrje3 nakoul dkchi li malfou	regime
25386	had simana 3ndi 3amra	simana
25419	bghit nbda nl3b lgolf	lgolf
25429	ch7al t9il had taxi	taxi
25466	dima lay7 tilifouni makanjweb 3la lmessage ghir bseta ou stin kchifa	tilifouni, lmessage
25467	tilifoun 5rej 3la bnadem	tilifoun
25530	bch7al had sac 	sac
25559	ness sa3a ou ana kantsna f taxi	taxi
25643	khassk tdir regime	regime
25649	hade simana ou ana mrewe7	simana
25739	wa safi 7eme9tina bhad restora safi lyouma nmchiw lih	restora
25808	had simana 3titha gha lmakla d zn9a	simana
25810	achmn sac f hadou dialk	sac
25897	had l film moufid	film
25898	had l film moumil	film
25899	had film kid7k	film
25901	had l film ki3ssb	film
25903	khass nchri wahd lktab dial maths	maths
25909	khali bda projet jdid	projet
26013	9lit lbtat li chritha gbila frit	frit
26023	segt ta segt ou ma3amerni ma dert chi ksida l7amdolah	ksida
26066	glt lbanka 5eda twejed liya mn lcompte wa7ed 3echrin melyoun	lbanka, lcompte
26072	sir nchet asa7bi tfrej fchi match ftiran sir cinema nit tbdel ljew	match, tiran, cinema
26158	ness dial chher reb3a 5ant7rer walakin ghir simana	simana
26171	ta7 liya tilifouni flb7eer	tilifouni
26176	9leb msian 3la chi tilifoun maykoun fih l3ayb	tilifoun
26182	fda7ni wa7ed weld l7ram mora ma hacka liya tilifouni	hacka, tilifouni
26244	dwert m3ah bach yne9i liya tilifoun	tilifoun
26264	charji liya tilifouni 3afak	charji, tilifouni
26272	5asser liya tilifoun mora matla7 liya flma	tilifoun
26326	simana jaya ra 5aynezlou l2atmina chwiya dial l5edra	simana
26329	simana ou ana kan5dem fla5ar lachit	simana
26379	tfa liya tilifouni	tilifouni
26396	molpisri kola sba7 kayfterni fabor	pisri, fabor
26398	krina partma 3elb7er	partma
26400	simana jaya 5aygoul tbib lmra wach 5atwled weld ou bent	simana
26401	glt lwalid ychri liya pikala ila jebt msina	pikala
26414	5anmchi nchri liya biro n5dem fih ou ana merta7	biro
26416	kayna 3dawa mabin mirikan ou chinwa	mirikan, chinwa
26515	5anchri chi tilifoun 9dim ma3endich flouss	tilifoun
26536	К'eyet lbolis	lbolis
26605	kola simana kan7et terf dial lfllouss bach nwejed l5lass dial l9raya dial wladi	simana
26655	fe9t sba7 bekri mchit ntrini	ntrini
26664	3ndi lista dial nass n3yt lihoum	lista
26667	zdt smitk f lista	lista
26678	tchawfna bezzaf had simana	simana
26845	dima kanmchi 3end lbanka ntcheka 7it dima 3endi chi mochkil fl7sab diali	lbanka
26868	ghatkoun 3asifa simana jaya	simana
26881	mar7ba a lalla wach 5assek taxi	taxi
26945	saybt lista dial dkchi li aykhssni nchri	lista
26954	kikhss t7et frachk itchemch merra f simana	simana
26969	3ndak tnsa rendez vous li 3ndk m3a tbib had simana	rendez vous, simana
27010	zadni w7da fabor	fabor
27028	sd9at lia had kika 3la mzinatha	kika
27054	lista twiiila b ktret maydar	lista
27059	ta7 mn deuzieme etage ou matra lih walou	deuzieme, etage
27067	khass nsift email l patron diali	email, patron
27103	3tani tbib fanid ou siro ou ta7alil	fanid, siro
27141	hada a5ir match tle3bou m3ana	match
27151	had lmatch machi b7al ayi match hada ra kitfrejou fih lmlayn	lmatch, match
27152	tmarki fih tl3eb fih msian rak 3aref y9der yjik chi contra nadi mn berra ewa bynou liya 7ennet idikom	tmarki, contra
27159	hada match 7yat oula mout rakom 3arfin had l9adiya	match
27160	ya ima nreb7ou l5arim dialna ou ndiw lcoupa oula n5essrou ou b9aw ntoma simana ou katsme3ou lhdra oulme3your	lcoupa, simana
27179	safi match zwin a drari daba 3edna pilantiyat maknach m3ewlin 3la hadchi walakin ma3lich	match, pilantiyat
27196	kan match s3ib 9aym 3la jouz2iyat mouhima	match
27208	darou bezzaf dial l2a5bar kigoulou hada a5ir match lik m3a lfer9a wach hadchi s7i7 	match
27321	sport khassou se7a ou l mental	sport, mental
27323	khassni darore nbda ntrini welit fisa3 kanskhf	ntrini
27326	ch7al mab9it tfrjt f chi film ou 3jbni	film
27351	rkbt f taxi ou ch7al kan mjehed lmosi9a	taxi
27407	kigoulk t9da dissir ikoun sghir machi kbir	dissir
27417	nare 3la nihaya ch7al khayba darou l had l film	film
27424	3ndi khmssa dial mti7anat had simana	simana
27460	anmchi l banka nchouf ila bghaw i3tiwnk crГ©dit	banka, credit
27488	hade simana bach dert l 3amalya	simana
27492	5aykoun match s3ib ded l5arim dialna kantmenaw nfer7ou ljomhor dialna	match
27502	5erjou chi 2e5bar kigoulou 5aykoun hada match l2i3tizal dialk 	match
27513	kima l3am kolo ou ljomhor kiji kola match ou kanfer7ohom kemlouha had lmatch	match, lmatch
27520	had lmatch 5aytferjo fih lmlayn ewa fr7ohom ou matnsawch lprima li 5atjikom ou chi contra men berra 3lach la	lmatch, prima, contra
27550	walakin 5daw credit mn lbanka bach ychriwha	credit, lbanka
27585	mn dima ou ana bagha nbda chi sport	sport
27623	moul lmktaba dryef bezzaf ou koul mera nakhoud mn 3ndou chi 7aja ki3tini ktab zayd fabor	fabor
27678	sm7 lia nmra ghalta	nmra
27744	b9ina zouj simanat fhad l7ala	simanat
27775	dk simana l9it wa7d lmoucha myta f zn9a	simana
27781	bghit nt3lm l piano	piano
27813	baha houa moul had restora	restora
27814	katjibna naklou fabor	fabor
27824	maghankounch hna wa7d jouj simanat	simanat
27856	welaw kisaybou dissir ou lkhodra bla w9t	dissir
27897	drt lista dial l akhta2 li makhassch n3awdhoum had l3am	lista
27978	bghit n3awd ntfrj f had l film	film
27988	sayebt lista dial nass khass ndwi m3ahoum	lista
27989	saybt lista dial lblayss khass nmchi lihoum	lista, lblayss
27990	jbt 9r3a dial fanid	fanid
27995	hade simana mabat f dar	simana
27999	fach anrj3 lkhdma anbda routine jdid	routine
28012	n9ss sowt chwia f tlfaza	tlfaza
28048	lkora hia achhar sport fl3alam	sport
28069	chnahoua akhyab film tfrjti fih 	film
28169	kheliw lia 7e9i mn l kika	kika
28398	mchit liha simana lfayta	simana
28588	b9a chad tilifoun rak ghadi t3war	tilifoun
28692	b9aw chadini sbitar chi simana l7amdolah mchit lme5zen	sbitar, simana
28698	mora simana safi 5rejt men sbitar	simana, sbitar
28784	tilifoun li y5rej nmchi nchrih lik	tilifoun
28942	t2etert simana ou ana knbki	simana
28960	mora chi tlata dial simanat rje3t lfranssa 3la 9bel l5edma	simanat
29005	5tar fin 5atbni la piscine	la piscine
29006	ra makaynach blassa la piscine	la piscine
29033	ra men gbila ou galess kisoni tilifoun sir jaweb	kisoni, tilifoun
29059	5anmchi n5rej floussi mn lbanka	lbanka
29060	li kigoulou had lbanka fiha lmachakil bezzaf	lbanka
29125	5anstalem l5elssa dialek simana jaya	simana
29145	3zel tilifoun li 3jbek 5anchrih lik 3la 7sabi	tilifoun
29178	ila bghiti t3ref ina tilifoun 7ssen 9aren ch7al kola wa7ed kiched dial charge	tilifoun, charge
29280	3jbni had sac ktr mn li chft lbar7	sac
29309	5anmchiw simana jaya ntsel9ou jbel toub9al	simana
29342	dewla kat3ti chiforat dial taxi de3m 7it lmazout tzad fih	chiforat, taxi, lmazout
29368	simana jaya 5anchedou lwert	simana
29377	5wit la piscine bach maytwese5ch lma	piscine
29379	7et dak tilifoun ou sir te9ra	tilifoun
29481	fayt li sayg had tomobil	tomobil
29540	rani knt tafi tilifoun	tilifoun
29648	d5ya kat5rej tamarin dial maths	maths
29656	5an7der lwa7ed tournowa dial lgolf	tournowa, lgolf
29669	l5bar dial lksida 5laha mkte2ba	lksida
29897	hadi fabor	fabor
29954	maghanmchich f taxi	taxi
29987	kantsana taxi	taxi
29988	makayna ta taxi hna	taxi
30136	lkhar d simana hada	simana
30262	achnou kayn fdak sac	sac
30268	achnou kat9raw f la fac	fac
30410	ghatmchi m3aya f tomobil	tomobil
30432	dkhalna simana lfayta	simana
30434	lkouzina kbira	lkouzina
30555	kaysift message wimchi	message
30967	jib liya lbaliza mn tomobil	lbaliza, tomobil
30981	mal9itch taxi	taxi
30982	bchhal ba3ti tomobil	tomobil
30983	bchhal chriti tomobil	tomobil
31000	bghit nghsal tomobil	tomobil
31246	ila chi hed kteb awla sswl b anglais anjwb b anglais	anglais, anglais
31248	ila chi hed kteb awla sswl b francais anjwb b francais	francais, francais
31253	aghlabia kaydwiw bi anglais	anglais
31450	dwaz m3ak had nmra dyal telefon	nmra, telefon
31601	makraht chi pizza daba	pizza
31616	khasna chi match	match
31978	wach kayn chi film kayhder 3la hadchi	film
32032	mchit dawazt ghir wahd simana	simana
32262	3a9li mbloki	mbloki
32488	mchiti l la fac	fac
32512	kayen chi match lyoum	match
32653	mxaw simana li fat	simana
32710	l match ghadi ibda daba	match
32870	mchat dir sport	sport
32907	safi 2ejlouha tal simana jaya	simana
33095	simana kamla wana tal3a habta	simana
33129	3tawni ladrisa dyalou	ladrisa
33482	jab liya tilifoun	tilifoun
33861	kent kandir ghir sport rak d3afity bzaf	sport
34035	khasek tbdel tomobil	tomobil
34053	sift lia nmra dyalk	nmra
34081	b9a dir sport	sport
34128	kheli had sport lmalih	sport
34283	chefrou lia sac	sac
34290	wach macheftouch sac dyali	sac
34298	cheddit taxi sghira	taxi
34320	kanhezhoum f tomobil	tomobil
34585	simana kamla gals fdar	simana
34731	had lkouzina katebghi zrana wsber	lkouzina
34841	wach 3endek chi film jdid	film
34982	sh3li tlfaza bzrba	tlfaza
35044	dikor li fih wa3r bzaf	dikor
35109	ghir nmchiw nshdo taxi	taxi
35186	ma3rt mal tilifon kayt9t3	tilifon
35245	fash katsb shta kanshdo taxi	taxi
35285	had lkado lik	lkado
35340	wash 3dk nmra diyalo	nmra
35467	ash na hiya nmra diyalk	nmra
35555	ghadi nbda ntrini men ghda	ntrini
35566	wer9a jatek men lbanka	lbanka
35793	tfechouli rwayd dyal tomobil	rwayd, tomobil
36205	sir chouflia taxi	taxi
36297	khsrat lik tomobil	tomobil
36584	tomobil 3amra	tomobil
36670	mafia maydkhel lkouzina	lkouzina
36697	bach ghadi nakhed taxi	taxi
36767	magahntsanawch tal simana jaya	simana
36786	ys7abli jebti chi sac	sac
36788	hadchi jebtou lkouzina	lkouzina
36792	dima diri sebba b tobis	tobis
36821	l3ers ghandirou men hna ljouj d simanat	simanat
37305	kayna daba f taxi	taxi
37317	khlit saki f taxi	saki, taxi
37318	tomobil ba9a jdida	tomobil
37332	tal ghda wndeclariw 3en lbolis	ndeclariw, lbolis
37343	darori ymchi l7mam mra f simana	simana
37352	aji 3endi na3tihalk fabor	fabor
37547	yalah n9albou 3la taxi	taxi
37621	machadch reseau	reseau
37734	ghadi ntghyb simana jaya	simana
37815	bghit nakhod kado	kado
37962	hada howa lkado diyal bsh	lkado
38083	tanta bghitek f lkouzina	lkouzina
38454	simana hadi bach sala cheher	simana
38499	hasl fblassa mafihash rizo	blassa, rizo
38500	ana mazal wa9f had lbanka	lbanka
38699	l9ina nmra diyal bnt khtha	nmra
39175	khdina tomobil	tomobil
39226	fouti 3lik lkouzina	lkouzina
39352	jity bogos	bogos
39436	hzit hwayji wkhrjt kan9lb 3la shi taxi	taxi
39438	shdit taxi hit lblassa b3ida shwiya	taxi, lblassa
39584	bant lina w93at shi ksida khayba	ksida
39586	nari 3la ksida khayba	ksida
39761	axmn projet hadak	projet
39835	bslama hetal simana jaya	simana
39836	choukran madame	madame
39885	simana kamla ou hwa gals f dar	simana
39975	tlfaza momilla had sa3a	tlfaza
40012	antfrj f tlfaza daba	tlfaza
40019	tlfaza mcha liha signal	tlfaza, signal
40043	ghadi katl3b sport	sport
40060	heliya lbab dial tomobil	tomobil
40061	rkbi f tomobil	tomobil
40064	madame malk katbki	madame
40079	wax hwa li chra lik tomobil	tomobil
40092	khwa les compte kamlin	compte
40119	ghanoud ndir sport	sport
40125	d accord madame	d accord, madame
40176	khali chra lih piano	piano
40246	rah gelt lik ghadi ndir lik film dialk	film
40314	nti diri chi douche skhoun	douche
40326	ghanhz tГ©lГ©phone nktb lih message	telephone, message
40335	khewa koulchi khwa ga3 les compte	compte
40463	kandir sport f lburo	sport, lburo
40513	bghit nentej lih film	film
40537	safi n9dro ndiro film	film
40677	hena machi f film hindi	film
40769	hada film jedid	film
40838	madame mrhba bik 3dna	madame
41280	khetar la chambre li bghiti	chambre
41281	madame ana rah khasni nemchi	madame
41286	madame kheliha f lkhedma	madame
41405	kheti tel3i ntiya tomobil	tomobil
41717	lwe9t hwa lwe9t f had simana	simana
41776	ana ankhelsk f lkher dial simana	simana
41783	anbat ghir f tomobil	tomobil
41822	sedi 3lik lbab dial tomobil	tomobil
41922	tkhbat f tomobil li kant hedaha	tomobil
41986	imta douz had simana nthena menk	simana
42309	bghit nmchi l chambre diali	chambre
42328	chedi taxi b3da	taxi
42637	madame imta bghiti nchedou trik	madame
42685	ndirou sport nhar l7ad	sport
42760	drt ksida	ksida
42771	jib tomobil	tomobil
42784	drti sport	sport
42826	tilifon kaysoni	tilifon
42834	ransafr simana jaya	simana
42836	dir tilifon ytcharja	tilifon, ytcharja
42849	wach momkin nchof sac dyalk 	sac
42894	taht chajra 3la tomobil	tomobil
42901	ht tilifon	tilifon
42917	ranrkb tobis	tobis
42957	dber fchi pikala	pikala
42972	raha ana baghi ntrini	ntrini
43189	wbghit gha nmra dyal khok	nmra
43225	lmaskhot dar ksida	ksida
43329	rah film nadi	film
43408	la nta simana kolha ga3	simana
43626	match kan momti3	match
43646	gheda rah kayan match	match
43919	wld had siyida dak ksida chhal mn mra	ksida
44196	mol taxi na9it lih wdnoo mzyan	taxi
44231	koun kanet 3ndi tomobil	tomobil
44273	tra likom film hindi	film
44311	btata db kayna ghir dyal frigo makatjich zwina bezaf	frigo
44341	bghit nachriha o ndirha f frigo	frigo
44428	kant kan9lab 3la villa lkra fiha la piscine	villa, piscine
44462	ana derte regime o n9asste	regime
44527	hadi tomobila 9dima	tomobila
44543	ghadi ti7 cheta had simana	simana
44571	l3ris howa lli ghadi ikhalas transport	transport
44638	ghanrkab tomobil ila ghanmchi l3ars	tomobil
44650	zw9o tomobil dyal l3arsan	tomobil
45072	imta ghadi t rfed dik contra	contra
45133	khlini nsedd 3lia simana	simana
45153	khlini nch3l tlfaza	tlfaza
45188	imta ghadi t sdder dak dissir	dissir
45228	imta ghadi t rezervi fdak lotel had simana oula li moraha	rezervi, lotel, simana
45269	aji nbdaw chi film	film
45292	aji ntcharkou f chips	chips
45459	makyanch rizo bzaf dyal inwi	rizo
45654	madam m3ak babat wldak ghir thna	madam
45901	Mzyan tdir chi sport	sport
46209	wqaat wahd lksida	lksida
46252	bghit nakol kika	kika
46257	chaal tlfaza	tlfaza
46334	rdda ghadi ntrini	ntrini
46368	sogi tomobil	tomobil
46369	ghadi nl3b match	match
46389	3afak wrini had ladrisa 	ladrisa
46390	fin nqdr nlqa taxi 	taxi
46393	tilifoni qrib ytfa	tilifoni
46534	fin kaychdo tobis	tobis
46552	fina hiya tomobil dyali	tomobil
46563	khasna ndiro chi program	program
46588	3yet lbolis	lbolis
46606	simana jaya ghadin nkhaymo f jbal jib m3ak 7wayjk dyal berd	simana
46621	tomobila wa khesrat	tomobila
46627	blflous wla fabor	fabor
46637	khsrat liya tomobil	tomobil
46638	9yed nmra hna	nmra
46665	kayn chi film lyoma	film
46672	momkin nkhalas wla fabor	fabor
46711	fin kaychdo taxi	taxi
46712	fin momkin nl9a taxi sghir	taxi
46860	simana jaya nmchiw	simana
47053	wach fih lapisin	lapisin
47102	kifach ba3ti tomobil	tomobil
47123	achno nawi dir fl weekend	weekend
47167	rba7to fl match dyal bar7	match
47255	achmen film hadak	film
47286	harst tilifoni	tilifoni
47303	ntla9aw hda hadik restora	restora
47325	kn hdar b riffia w l'espaniya w darija w l'anglais	anglais
47326	kn hdar b l'anglais logha l3arabiya darija ou l'fransai	anglais, fransai
47330	kn hdar b l'anglais w darija w l'espaniya	anglais
47332	kn hdar b japoniya w l'anglais w darija	japoniya, anglais
47338	kn hdar b logha l3arabiya w russia w darija w l'anglais	anglais
47371	ghadin b9a hna 7tel simana jaya	simana
47387	ma ghadich nmchi 7tel simana jaya	simana
47436	fhamti dars dyal math lakhr	math
47560	ntoma li saknin f etage li foq mena	etage
47561	ntoma li saknin f etage li foq mni	etage
48026	chno galti mazal 3la tomobil	tomobil
48027	chra khok tomobil 	tomobil
48039	wach kol mra ghadi ichri chi tomobil	tomobil
48062	darori nbda ndir sport	sport
48065	darori n rkeb f chi taxi	taxi
48100	darori n ms7 had tlfaza	tlfaza
48224	rani knt bayn f tlfaza	tlfaza
48353	tfrji fchi film dl action	film, action
48381	kon kunti m3a chi taxi achnou ghadiri	taxi
48387	kenti rakba maa moul taxi	taxi
48388	3lach rkbti m3a taxi	taxi
48404	wx 3ndk sport	sport
48432	taxi lgharam nta	taxi
48448	wx 3ndk xi program	program
48502	rah lbolis f tri9	lbolis
48570	had l3chya ghantfrj f film	film
48694	tomobil mab9atch sal7a	tomobil
48700	lma7ta b3ida khasn taxi	taxi
48701	jib lml7a bakia lkbira	bakia
48790	jawbi f tilifoun dial dar	tilifoun
48804	khdam m3a lbolis	lbolis